<?xml version="1.0" encoding="utf-8"?>
<bwFrame xmlns:xsi="http://www.w3.org/2001/XMLSchema-instance" xmlns:xsd="http://www.w3.org/2001/XMLSchema" default_layout="npnxnanbnsnfns00000000001" textdirection="ltr" textengine="DirectWrite" device="false" fontscale="100" captionFontScale="100" kbshortcuts="false" skip_nav_enabled="true" chromeless="false" outputtype="undefined" theme="classic">
  <layouts>
    <layout name="npnxnanbsnfns00000000001" font="Open Sans" controllayout="npnxnanbsnfns00000000001" colorscheme="npnxnanbnsnfns00000000001" string_table="npnxnanbnsnfns00000000001" />
    <layout name="pxabnsnfns00000000001" font="Open Sans" controllayout="pxabnsnfns00000000001" colorscheme="npnxnanbnsnfns00000000001" string_table="npnxnanbnsnfns00000000001" />
    <layout name="npxnabnsnfns00000000001" font="Open Sans" controllayout="npxnabnsnfns00000000001" colorscheme="npnxnanbnsnfns00000000001" string_table="npnxnanbnsnfns00000000001" />
    <layout name="npnxnanbnsnfns00000000001" font="Open Sans" controllayout="npnxnanbnsnfns00000000001" colorscheme="npnxnanbnsnfns00000000001" string_table="npnxnanbnsnfns00000000001" />
    <layout name="pxabnsnfns00000000000" font="Open Sans" controllayout="pxabnsnfns00000000000" colorscheme="npnxnanbnsnfns00000000001" string_table="npnxnanbnsnfns00000000001" />
  </layouts>
  <control_options>
    <optiongroups>
      <optiongroup name="sidebaroptions">
        <options>
          <option name="title_enabled" value="false">
            <options>
              <option name="title_text" value="Besaku (Belajar Bersamaku) Cahaya dan Bunyi" />
            </options>
          </option>
          <option name="logo_enabled" value="false">
            <options />
          </option>
          <option name="sidebar_enabled" value="false">
            <options>
              <option name="sidebarpos" value="right" />
              <option name="closed" value="false" />
            </options>
          </option>
          <optionlist name="tabs">
            <listitems>
              <listitem name="resources" value="false" group="linkright" />
              <listitem name="outline" value="false" group="sidebar" />
              <listitem name="glossary" value="false" group="sidebar" />
              <listitem name="transcript" value="false" group="sidebar" />
            </listitems>
          </optionlist>
          <option name="time_enabled" value="false">
            <options>
              <option name="time_format" value="elapsed" />
            </options>
          </option>
          <option name="video_enabled" value="false">
            <options>
              <option name="height" value="135" />
            </options>
          </option>
          <option name="logoAltText" />
        </options>
      </optiongroup>
      <optiongroup name="menuoptions">
        <options>
          <option name="flow" value="free" />
          <option name="wraplistitems" value="false" />
          <option name="tooltips" value="true" />
          <option name="autocollapse" value="true" />
          <option name="autonumber" value="false" />
          <option name="enableresultsicons" value="true" />
        </options>
      </optiongroup>
      <optiongroup name="controls">
        <options>
          <option name="volume" value="false" />
          <option name="seekbar" value="false">
            <options>
              <option name="readonly" value="false" />
              <option name="readonlyOnce" value="false" />
            </options>
          </option>
          <option name="pauseplay" value="false" />
          <option name="replay" value="false" />
          <option name="search" value="false" />
          <option name="closed_captions" value="false">
            <options>
              <option name="font" value="Open Sans" />
            </options>
          </option>
          <option name="settings" value="false" />
          <option name="fullScreenToggle" value="false" />
          <option name="playbackSpeedControl" value="false" />
        </options>
      </optiongroup>
      <optiongroup name="bottombaroptions">
        <options>
          <option name="bottombar_enabled" value="false" />
        </options>
      </optiongroup>
    </optiongroups>
  </control_options>
  <control_layouts>
    <control_layout name="npnxnanbsnfns00000000001">
      <control name="volume" enabled="false" />
      <control name="seekbar" enabled="false" />
      <control name="replay" enabled="false" />
      <control name="pauseplay" enabled="false" />
      <control name="logo" enabled="false" />
      <control name="previous" enabled="false" />
      <control name="next" enabled="false" />
      <control name="swipeleft" enabled="false" />
      <control name="swiperight" enabled="false" />
      <control name="submit" enabled="true" />
      <control name="finish" enabled="false" />
      <control name="submitall" enabled="false" />
      <control name="resources" enabled="false" />
      <control name="glossary" enabled="false" />
      <control name="transcript" enabled="false" />
      <control name="outline" enabled="false">
        <controls>
          <control name="search" enabled="false" />
        </controls>
      </control>
      <control name="close_btn" enabled="true" />
    </control_layout>
    <control_layout name="pxabnsnfns00000000001">
      <control name="volume" enabled="false" />
      <control name="seekbar" enabled="false" />
      <control name="replay" enabled="false" />
      <control name="pauseplay" enabled="false" />
      <control name="logo" enabled="false" />
      <control name="previous" enabled="true" />
      <control name="next" enabled="true" />
      <control name="swipeleft" enabled="true" />
      <control name="swiperight" enabled="true" />
      <control name="submit" enabled="false" />
      <control name="finish" enabled="false" />
      <control name="submitall" enabled="false" />
      <control name="resources" enabled="false" />
      <control name="glossary" enabled="false" />
      <control name="transcript" enabled="false" />
      <control name="outline" enabled="false">
        <controls>
          <control name="search" enabled="false" />
        </controls>
      </control>
      <control name="close_btn" enabled="true" />
    </control_layout>
    <control_layout name="npxnabnsnfns00000000001">
      <control name="volume" enabled="false" />
      <control name="seekbar" enabled="false" />
      <control name="replay" enabled="false" />
      <control name="pauseplay" enabled="false" />
      <control name="logo" enabled="false" />
      <control name="previous" enabled="false" />
      <control name="next" enabled="true" />
      <control name="swipeleft" enabled="false" />
      <control name="swiperight" enabled="true" />
      <control name="submit" enabled="false" />
      <control name="finish" enabled="false" />
      <control name="submitall" enabled="false" />
      <control name="resources" enabled="false" />
      <control name="glossary" enabled="false" />
      <control name="transcript" enabled="false" />
      <control name="outline" enabled="false">
        <controls>
          <control name="search" enabled="false" />
        </controls>
      </control>
      <control name="close_btn" enabled="true" />
    </control_layout>
    <control_layout name="npnxnanbnsnfns00000000001">
      <control name="volume" enabled="false" />
      <control name="seekbar" enabled="false" />
      <control name="replay" enabled="false" />
      <control name="pauseplay" enabled="false" />
      <control name="logo" enabled="false" />
      <control name="previous" enabled="false" />
      <control name="next" enabled="false" />
      <control name="swipeleft" enabled="false" />
      <control name="swiperight" enabled="false" />
      <control name="submit" enabled="false" />
      <control name="finish" enabled="false" />
      <control name="submitall" enabled="false" />
      <control name="resources" enabled="false" />
      <control name="glossary" enabled="false" />
      <control name="transcript" enabled="false" />
      <control name="outline" enabled="false">
        <controls>
          <control name="search" enabled="false" />
        </controls>
      </control>
      <control name="close_btn" enabled="true" />
    </control_layout>
    <control_layout name="pxabnsnfns00000000000">
      <control name="volume" enabled="false" />
      <control name="seekbar" enabled="false" />
      <control name="replay" enabled="false" />
      <control name="pauseplay" enabled="false" />
      <control name="logo" enabled="false" />
      <control name="previous" enabled="true" />
      <control name="next" enabled="true" />
      <control name="swipeleft" enabled="true" />
      <control name="swiperight" enabled="true" />
      <control name="submit" enabled="false" />
      <control name="finish" enabled="false" />
      <control name="submitall" enabled="false" />
      <control name="resources" enabled="false" />
      <control name="glossary" enabled="false" />
      <control name="transcript" enabled="false" />
      <control name="outline" enabled="false">
        <controls>
          <control name="search" enabled="false" />
        </controls>
      </control>
      <control name="close_btn" enabled="false" />
    </control_layout>
  </control_layouts>
  <colorschemes>
    <colorscheme name="npnxnanbnsnfns00000000001">
      <color_group name="accessibility">
        <group_colors>
          <color name="focus_rect">
            <fill type="linear" rotation="90">
              <colors>
                <color rgb="0xFFFF00" alpha="100" stop="0" />
              </colors>
            </fill>
          </color>
        </group_colors>
      </color_group>
      <color_group name="infopanel">
        <group_colors>
          <color name="link_text">
            <fill type="linear" rotation="90">
              <colors>
                <color rgb="0x7C2280" alpha="100" stop="0" />
              </colors>
            </fill>
          </color>
          <color name="link_hover">
            <fill type="linear" rotation="90">
              <colors>
                <color rgb="0x0000EE" alpha="100" stop="0" />
              </colors>
            </fill>
          </color>
          <color name="bg">
            <fill type="linear" rotation="90">
              <colors>
                <color rgb="0xFFFFFF" alpha="100" stop="0" />
              </colors>
            </fill>
          </color>
          <color name="shadow">
            <fill type="linear" rotation="90">
              <colors>
                <color rgb="0xB8B8B8" alpha="100" stop="0" />
              </colors>
            </fill>
          </color>
          <color name="name_text">
            <fill type="linear" rotation="90">
              <colors>
                <color rgb="0x444444" alpha="100" stop="0" />
              </colors>
            </fill>
          </color>
          <color name="title_text">
            <fill type="linear" rotation="90">
              <colors>
                <color rgb="0x999999" alpha="100" stop="0" />
              </colors>
            </fill>
          </color>
        </group_colors>
      </color_group>
      <color_group name="infopanelpopup">
        <group_colors>
          <color name="link_text">
            <fill type="linear" rotation="90">
              <colors>
                <color rgb="0x7C2280" alpha="100" stop="0" />
              </colors>
            </fill>
          </color>
          <color name="link_hover">
            <fill type="linear" rotation="90">
              <colors>
                <color rgb="0x0000EE" alpha="100" stop="0" />
              </colors>
            </fill>
          </color>
          <color name="bg">
            <fill type="linear" rotation="90">
              <colors>
                <color rgb="0xE9E9E9" alpha="100" stop="0" />
                <color rgb="0xCFCFCF" alpha="100" stop="255" />
              </colors>
            </fill>
          </color>
          <color name="shadow">
            <fill type="linear" rotation="90">
              <colors>
                <color rgb="0xB8B8B8" alpha="100" stop="0" />
              </colors>
            </fill>
          </color>
          <color name="name_text">
            <fill type="linear" rotation="90">
              <colors>
                <color rgb="0x444444" alpha="100" stop="0" />
              </colors>
            </fill>
          </color>
          <color name="bio_text">
            <fill type="linear" rotation="90">
              <colors>
                <color rgb="0x999999" alpha="100" stop="0" />
              </colors>
            </fill>
          </color>
        </group_colors>
      </color_group>
      <color_group name="timer">
        <group_colors>
          <color name="duration">
            <fill type="linear" rotation="90">
              <colors>
                <color rgb="0x00D7FF" alpha="100" stop="0" />
                <color rgb="0x00ABFF" alpha="100" stop="255" />
              </colors>
            </fill>
          </color>
          <color name="elapsed">
            <fill type="linear" rotation="90">
              <colors>
                <color rgb="0xFEE347" alpha="100" stop="0" />
                <color rgb="0xFCCC2A" alpha="100" stop="255" />
              </colors>
            </fill>
          </color>
          <color name="stroke">
            <fill type="linear" rotation="90">
              <colors>
                <color rgb="0xC7C7C7" alpha="100" stop="0" />
              </colors>
            </fill>
          </color>
          <color name="inner">
            <fill type="linear" rotation="90">
              <colors>
                <color rgb="0xFFFFFF" alpha="100" stop="0" />
              </colors>
            </fill>
          </color>
          <color name="text">
            <fill type="linear" rotation="90">
              <colors>
                <color rgb="0x555555" alpha="100" stop="0" />
              </colors>
            </fill>
          </color>
        </group_colors>
      </color_group>
      <color_group name="window">
        <group_colors>
          <color name="text">
            <fill type="linear" rotation="90">
              <colors>
                <color rgb="0x555555" alpha="100" stop="0" />
              </colors>
            </fill>
          </color>
          <color name="inner">
            <fill type="linear" rotation="90">
              <colors>
                <color rgb="0xEAEAEA" alpha="100" stop="0" />
                <color rgb="0xCFCFCF" alpha="100" stop="255" />
              </colors>
            </fill>
          </color>
          <color name="bg">
            <fill type="linear" rotation="90">
              <colors>
                <color rgb="0xF3F3F3" alpha="100" stop="0" />
              </colors>
            </fill>
          </color>
          <color name="diva">
            <fill type="linear" rotation="90">
              <colors>
                <color rgb="0xF7F7F7" alpha="100" stop="0" />
              </colors>
            </fill>
          </color>
          <color name="divb">
            <fill type="linear" rotation="90">
              <colors>
                <color rgb="0xD3D3D3" alpha="100" stop="0" />
              </colors>
            </fill>
          </color>
          <color name="shadow">
            <fill type="linear" rotation="90">
              <colors>
                <color rgb="0x000000" alpha="20" stop="0" />
              </colors>
            </fill>
          </color>
        </group_colors>
      </color_group>
      <color_group name="editor">
        <group_colors>
          <color name="slide_text">
            <fill type="linear" rotation="90">
              <colors>
                <color rgb="0x555555" alpha="100" stop="0" />
              </colors>
            </fill>
          </color>
          <color name="html_text">
            <fill type="linear" rotation="90">
              <colors>
                <color rgb="0x444444" alpha="100" stop="0" />
              </colors>
            </fill>
          </color>
          <color name="btn_bg">
            <fill type="linear" rotation="90">
              <colors>
                <color rgb="0xF5F5F5" alpha="100" stop="0" />
                <color rgb="0xC7C7C7" alpha="100" stop="255" />
              </colors>
            </fill>
          </color>
          <color name="btn_hover">
            <fill type="linear" rotation="90">
              <colors>
                <color rgb="0xF2F2F2" alpha="100" stop="0" />
                <color rgb="0xAFAFAF" alpha="100" stop="255" />
              </colors>
            </fill>
          </color>
          <color name="btn_down">
            <fill type="linear" rotation="90">
              <colors>
                <color rgb="0xC7C7C7" alpha="100" stop="0" />
                <color rgb="0xF4F4F4" alpha="100" stop="255" />
              </colors>
            </fill>
          </color>
          <color name="btn_border">
            <fill type="linear" rotation="90">
              <colors>
                <color rgb="0xB1B1B1" alpha="100" stop="0" />
              </colors>
            </fill>
          </color>
          <color name="btn_text">
            <fill type="linear" rotation="90">
              <colors>
                <color rgb="0x353535" alpha="100" stop="0" />
              </colors>
            </fill>
          </color>
          <color name="btn_text_shadow">
            <fill type="linear" rotation="90">
              <colors>
                <color rgb="0xF0F0F0" alpha="100" stop="0" />
              </colors>
            </fill>
          </color>
        </group_colors>
      </color_group>
      <color_group name="listitem">
        <group_colors>
          <color name="selected_text">
            <fill type="linear" rotation="90">
              <colors>
                <color rgb="0x353535" alpha="100" stop="0" />
              </colors>
            </fill>
          </color>
          <color name="lines">
            <fill type="linear" rotation="90">
              <colors>
                <color rgb="0xDFDFDF" alpha="100" stop="0" />
              </colors>
            </fill>
          </color>
          <color name="hover">
            <fill type="linear" rotation="90">
              <colors>
                <color rgb="0xE6E6E6" alpha="100" stop="0" />
              </colors>
            </fill>
          </color>
          <color name="viewed">
            <fill type="linear" rotation="90">
              <colors>
                <color rgb="0x909090" alpha="100" stop="0" />
              </colors>
            </fill>
          </color>
          <color name="text">
            <fill type="linear" rotation="90">
              <colors>
                <color rgb="0x353535" alpha="100" stop="0" />
              </colors>
            </fill>
          </color>
          <color name="selected">
            <fill type="linear" rotation="90">
              <colors>
                <color rgb="0xC0E2F1" alpha="100" stop="0" />
              </colors>
            </fill>
          </color>
          <color name="shadow">
            <fill type="linear" rotation="90">
              <colors>
                <color rgb="0xFFFFFF" alpha="100" stop="0" />
              </colors>
            </fill>
          </color>
        </group_colors>
      </color_group>
      <color_group name="base">
        <group_colors>
          <color name="text">
            <fill type="linear" rotation="90">
              <colors>
                <color rgb="0x555555" alpha="100" stop="0" />
              </colors>
            </fill>
          </color>
          <color name="diva">
            <fill type="linear" rotation="90">
              <colors>
                <color rgb="0xD3D3D3" alpha="100" stop="0" />
              </colors>
            </fill>
          </color>
          <color name="divb">
            <fill type="linear" rotation="90">
              <colors>
                <color rgb="0xF7F7F7" alpha="100" stop="0" />
              </colors>
            </fill>
          </color>
          <color name="bg">
            <fill type="linear" rotation="90">
              <colors>
                <color rgb="0xE9E9E9" alpha="100" stop="0" />
                <color rgb="0xCFCFCF" alpha="100" stop="255" />
              </colors>
            </fill>
          </color>
          <color name="border">
            <fill type="linear" rotation="90">
              <colors>
                <color rgb="0xE9E9E9" alpha="100" stop="0" />
                <color rgb="0xF3F3F3" alpha="100" stop="255" />
              </colors>
            </fill>
          </color>
          <color name="menu_shade">
            <fill type="linear" rotation="90">
              <colors>
                <color rgb="0xDBDBDB" alpha="100" stop="0" />
                <color rgb="0xC3C3C3" alpha="100" stop="255" />
              </colors>
            </fill>
          </color>
          <color name="slide_bg">
            <fill type="linear" rotation="90">
              <colors>
                <color rgb="0xE9E9E9" alpha="100" stop="0" />
                <color rgb="0xCFCFCF" alpha="100" stop="255" />
              </colors>
            </fill>
          </color>
        </group_colors>
      </color_group>
      <color_group name="button">
        <group_colors>
          <color name="btn_bg">
            <fill type="linear" rotation="90">
              <colors>
                <color rgb="0xF5F5F5" alpha="100" stop="0" />
                <color rgb="0xC7C7C7" alpha="100" stop="255" />
              </colors>
            </fill>
          </color>
          <color name="btn_hover">
            <fill type="linear" rotation="90">
              <colors>
                <color rgb="0xF2F2F2" alpha="100" stop="0" />
                <color rgb="0xAFAFAF" alpha="100" stop="255" />
              </colors>
            </fill>
          </color>
          <color name="btn_down">
            <fill type="linear" rotation="90">
              <colors>
                <color rgb="0xC7C7C7" alpha="100" stop="0" />
                <color rgb="0xF4F4F4" alpha="100" stop="255" />
              </colors>
            </fill>
          </color>
          <color name="btn_border">
            <fill type="linear" rotation="90">
              <colors>
                <color rgb="0xB1B1B1" alpha="100" stop="0" />
              </colors>
            </fill>
          </color>
          <color name="btn_text">
            <fill type="linear" rotation="90">
              <colors>
                <color rgb="0x353535" alpha="100" stop="0" />
              </colors>
            </fill>
          </color>
          <color name="btn_text_shadow">
            <fill type="linear" rotation="90">
              <colors>
                <color rgb="0xF0F0F0" alpha="100" stop="0" />
              </colors>
            </fill>
          </color>
          <color name="btn_icon_color">
            <fill type="linear" rotation="90">
              <colors>
                <color rgb="0x353535" alpha="100" stop="0" />
              </colors>
            </fill>
          </color>
          <color name="btn_glow">
            <fill type="linear" rotation="90">
              <colors>
                <color rgb="0xCFCFCF" alpha="100" stop="0" />
              </colors>
            </fill>
          </color>
        </group_colors>
      </color_group>
      <color_group name="checkbox">
        <group_colors>
          <color name="border">
            <fill type="linear" rotation="90">
              <colors>
                <color rgb="0xB8B8B8" alpha="100" stop="0" />
              </colors>
            </fill>
          </color>
          <color name="bg">
            <fill type="linear" rotation="90">
              <colors>
                <color rgb="0xFFFFFF" alpha="100" stop="0" />
              </colors>
            </fill>
          </color>
          <color name="check">
            <fill type="linear" rotation="90">
              <colors>
                <color rgb="0x33CC00" alpha="100" stop="0" />
              </colors>
            </fill>
          </color>
          <color name="text">
            <fill type="linear" rotation="90">
              <colors>
                <color rgb="0x444444" alpha="100" stop="0" />
              </colors>
            </fill>
          </color>
          <color name="hover">
            <fill type="linear" rotation="90">
              <colors>
                <color rgb="0x6BF8FF" alpha="100" stop="0" />
              </colors>
            </fill>
          </color>
        </group_colors>
      </color_group>
      <color_group name="logo">
        <group_colors>
          <color name="bg">
            <fill type="linear" rotation="90">
              <colors>
                <color rgb="0xFFFFFF" alpha="100" stop="0" />
              </colors>
            </fill>
          </color>
          <color name="shadow">
            <fill type="linear" rotation="90">
              <colors>
                <color rgb="0xB8B8B8" alpha="100" stop="0" />
              </colors>
            </fill>
          </color>
        </group_colors>
      </color_group>
      <color_group name="menu">
        <group_colors>
          <color name="bg">
            <fill type="linear" rotation="90">
              <colors>
                <color rgb="0xF3F3F3" alpha="100" stop="0" />
              </colors>
            </fill>
          </color>
          <color name="shadow">
            <fill type="linear" rotation="90">
              <colors>
                <color rgb="0xB8B8B8" alpha="100" stop="0" />
              </colors>
            </fill>
          </color>
        </group_colors>
      </color_group>
      <color_group name="scrollarea">
        <group_colors>
          <color name="bg">
            <fill type="linear" rotation="0">
              <colors>
                <color rgb="0xDEDEDE" alpha="100" stop="0" />
                <color rgb="0xE8E8E8" alpha="100" stop="128" />
              </colors>
            </fill>
          </color>
          <color name="border">
            <fill type="linear" rotation="90">
              <colors>
                <color rgb="0xF6F6F6" alpha="100" stop="0" />
                <color rgb="0xF3F3F3" alpha="100" stop="255" />
              </colors>
            </fill>
          </color>
          <color name="button_bg">
            <fill type="linear" rotation="90">
              <colors>
                <color rgb="0xC4C4C4" alpha="100" stop="0" />
                <color rgb="0xB2B2B2" alpha="100" stop="255" />
              </colors>
            </fill>
          </color>
          <color name="button_inner">
            <fill type="linear" rotation="90">
              <colors>
                <color rgb="0xCBCBCB" alpha="100" stop="0" />
                <color rgb="0xBABABA" alpha="100" stop="255" />
              </colors>
            </fill>
          </color>
          <color name="button_border">
            <fill type="linear" rotation="90">
              <colors>
                <color rgb="0xB8B8B8" alpha="100" stop="0" />
              </colors>
            </fill>
          </color>
          <color name="icons">
            <fill type="linear" rotation="90">
              <colors>
                <color rgb="0x555555" alpha="100" stop="0" />
              </colors>
            </fill>
          </color>
          <color name="shadow">
            <fill type="linear" rotation="90">
              <colors>
                <color rgb="0xD9D9D9" alpha="100" stop="0" />
              </colors>
            </fill>
          </color>
          <color name="detaila">
            <fill type="linear" rotation="90">
              <colors>
                <color rgb="0xA7A7A7" alpha="100" stop="0" />
              </colors>
            </fill>
          </color>
          <color name="detailb">
            <fill type="linear" rotation="90">
              <colors>
                <color rgb="0xCFCFCF" alpha="100" stop="0" />
              </colors>
            </fill>
          </color>
        </group_colors>
      </color_group>
      <color_group name="searchinput">
        <group_colors>
          <color name="bg">
            <fill type="linear" rotation="90">
              <colors>
                <color rgb="0xDFDFDF" alpha="100" stop="0" />
              </colors>
            </fill>
          </color>
          <color name="border">
            <fill type="linear" rotation="90">
              <colors>
                <color rgb="0xADADAD" alpha="100" stop="0" />
                <color rgb="0xFAFAFA" alpha="100" stop="255" />
              </colors>
            </fill>
          </color>
          <color name="icon">
            <fill type="linear" rotation="90">
              <colors>
                <color rgb="0x8A8A8A" alpha="100" stop="0" />
              </colors>
            </fill>
          </color>
          <color name="button_hover">
            <fill type="linear" rotation="90">
              <colors>
                <color rgb="0xF5F5F5" alpha="100" stop="0" />
                <color rgb="0xC7C7C7" alpha="100" stop="255" />
              </colors>
            </fill>
          </color>
          <color name="hover_glow">
            <fill type="linear" rotation="90">
              <colors>
                <color rgb="0x6BF8FF" alpha="100" stop="0" />
              </colors>
            </fill>
          </color>
          <color name="search_text">
            <fill type="linear" rotation="90">
              <colors>
                <color rgb="0x8A8A8A" alpha="100" stop="0" />
              </colors>
            </fill>
          </color>
          <color name="bg_active">
            <fill type="linear" rotation="90">
              <colors>
                <color rgb="0xFAFAFA" alpha="100" stop="0" />
              </colors>
            </fill>
          </color>
          <color name="text_active">
            <fill type="linear" rotation="90">
              <colors>
                <color rgb="0x333333" alpha="100" stop="0" />
              </colors>
            </fill>
          </color>
        </group_colors>
      </color_group>
      <color_group name="seekcontrol">
        <group_colors>
          <color name="bg">
            <fill type="linear" rotation="90">
              <colors>
                <color rgb="0xF5F5F5" alpha="100" stop="0" />
                <color rgb="0xC7C7C7" alpha="100" stop="255" />
              </colors>
            </fill>
          </color>
          <color name="border">
            <fill type="linear" rotation="90">
              <colors>
                <color rgb="0xB1B1B1" alpha="100" stop="0" />
              </colors>
            </fill>
          </color>
          <color name="seek_border">
            <fill type="linear" rotation="90">
              <colors>
                <color rgb="0xB8B8B8" alpha="100" stop="0" />
                <color rgb="0xEEEEEE" alpha="100" stop="255" />
              </colors>
            </fill>
          </color>
          <color name="seek_bg">
            <fill type="linear" rotation="90">
              <colors>
                <color rgb="0xE7E7E7" alpha="100" stop="0" />
              </colors>
            </fill>
          </color>
          <color name="seek_position">
            <fill type="linear" rotation="90">
              <colors>
                <color rgb="0xFFFFFF" alpha="100" stop="0" />
              </colors>
            </fill>
          </color>
          <color name="btn_icon_color">
            <fill type="linear" rotation="90">
              <colors>
                <color rgb="0x2D2D2D" alpha="100" stop="0" />
              </colors>
            </fill>
          </color>
          <color name="btn_icon_hover">
            <fill type="linear" rotation="90">
              <colors>
                <color rgb="0x555555" alpha="100" stop="0" />
              </colors>
            </fill>
          </color>
          <color name="btn_icon_shadow">
            <fill type="linear" rotation="90">
              <colors>
                <color rgb="0xF0F0F0" alpha="100" stop="0" />
              </colors>
            </fill>
          </color>
        </group_colors>
      </color_group>
      <color_group name="tabs">
        <group_colors>
          <color name="bg">
            <fill type="linear" rotation="90">
              <colors>
                <color rgb="0xF3F3F3" alpha="100" stop="0" />
              </colors>
            </fill>
          </color>
          <color name="text">
            <fill type="linear" rotation="90">
              <colors>
                <color rgb="0x555555" alpha="100" stop="0" />
              </colors>
            </fill>
          </color>
          <color name="selected">
            <fill type="linear" rotation="90">
              <colors>
                <color rgb="0x333333" alpha="100" stop="0" />
              </colors>
            </fill>
          </color>
          <color name="hover">
            <fill type="linear" rotation="90">
              <colors>
                <color rgb="0x333333" alpha="100" stop="0" />
              </colors>
            </fill>
          </color>
          <color name="shadow">
            <fill type="linear" rotation="90">
              <colors>
                <color rgb="0xF0F0F0" alpha="100" stop="0" />
              </colors>
            </fill>
          </color>
        </group_colors>
      </color_group>
      <color_group name="transcript">
        <group_colors>
          <color name="div">
            <fill type="linear" rotation="90">
              <colors>
                <color rgb="0xE1E1E1" alpha="100" stop="0" />
              </colors>
            </fill>
          </color>
          <color name="heading_text">
            <fill type="linear" rotation="90">
              <colors>
                <color rgb="0x444444" alpha="100" stop="0" />
              </colors>
            </fill>
          </color>
        </group_colors>
      </color_group>
      <color_group name="outline">
        <group_colors>
          <color name="diva">
            <fill type="linear" rotation="90">
              <colors>
                <color rgb="0xC6C6C6" alpha="100" stop="0" />
              </colors>
            </fill>
          </color>
          <color name="divb">
            <fill type="linear" rotation="90">
              <colors>
                <color rgb="0xF9F9F9" alpha="100" stop="0" />
              </colors>
            </fill>
          </color>
          <color name="divc">
            <fill type="linear" rotation="90">
              <colors>
                <color rgb="0xE1E1E1" alpha="100" stop="0" />
              </colors>
            </fill>
          </color>
          <color name="search_text">
            <fill type="linear" rotation="90">
              <colors>
                <color rgb="0x444444" alpha="100" stop="0" />
              </colors>
            </fill>
          </color>
          <color name="search_hover">
            <fill type="linear" rotation="90">
              <colors>
                <color rgb="0x0000EE" alpha="100" stop="0" />
              </colors>
            </fill>
          </color>
        </group_colors>
      </color_group>
      <color_group name="resource">
        <group_colors>
          <color name="separator">
            <fill type="linear" rotation="90">
              <colors>
                <color rgb="0xE0E0E0" alpha="100" stop="0" />
              </colors>
            </fill>
          </color>
        </group_colors>
      </color_group>
      <color_group name="glossary">
        <group_colors>
          <color name="selected_text">
            <fill type="linear" rotation="90">
              <colors>
                <color rgb="0x353535" alpha="100" stop="0" />
              </colors>
            </fill>
          </color>
          <color name="selected">
            <fill type="linear" rotation="90">
              <colors>
                <color rgb="0xC0E2F1" alpha="100" stop="0" />
              </colors>
            </fill>
          </color>
          <color name="text">
            <fill type="linear" rotation="90">
              <colors>
                <color rgb="0x353535" alpha="100" stop="0" />
              </colors>
            </fill>
          </color>
          <color name="hover">
            <fill type="linear" rotation="90">
              <colors>
                <color rgb="0xE6E6E6" alpha="100" stop="0" />
              </colors>
            </fill>
          </color>
          <color name="diva">
            <fill type="linear" rotation="90">
              <colors>
                <color rgb="0xE2E2E2" alpha="100" stop="0" />
              </colors>
            </fill>
          </color>
          <color name="divb">
            <fill type="linear" rotation="90">
              <colors>
                <color rgb="0xE2E2E2" alpha="100" stop="0" />
              </colors>
            </fill>
          </color>
          <color name="divc">
            <fill type="linear" rotation="90">
              <colors>
                <color rgb="0xFAFAFA" alpha="100" stop="0" />
              </colors>
            </fill>
          </color>
          <color name="bg">
            <fill type="linear" rotation="90">
              <colors>
                <color rgb="0xE7E7E7" alpha="100" stop="0" />
              </colors>
            </fill>
          </color>
          <color name="heading_text">
            <fill type="linear" rotation="90">
              <colors>
                <color rgb="0x444444" alpha="100" stop="0" />
              </colors>
            </fill>
          </color>
        </group_colors>
      </color_group>
      <color_group name="volume">
        <group_colors>
          <color name="thumb_border">
            <fill type="linear" rotation="90">
              <colors>
                <color rgb="0xA5A5A5" alpha="100" stop="0" />
              </colors>
            </fill>
          </color>
          <color name="thumb_inner">
            <fill type="linear" rotation="90">
              <colors>
                <color rgb="0xD4D4D4" alpha="100" stop="0" />
              </colors>
            </fill>
          </color>
          <color name="thumb_bg">
            <fill type="linear" rotation="90">
              <colors>
                <color rgb="0xC8C8C8" alpha="100" stop="0" />
              </colors>
            </fill>
          </color>
          <color name="slider_border">
            <fill type="linear" rotation="90">
              <colors>
                <color rgb="0xF2F2F2" alpha="100" stop="0" />
              </colors>
            </fill>
          </color>
          <color name="slider_bg">
            <fill type="linear" rotation="90">
              <colors>
                <color rgb="0xBCBCBC" alpha="100" stop="0" />
                <color rgb="0xBCBCBC" alpha="100" stop="128" />
                <color rgb="0xC3C3C3" alpha="100" stop="255" />
              </colors>
            </fill>
          </color>
        </group_colors>
      </color_group>
    </colorscheme>
  </colorschemes>
  <string_tables>
    <string_table name="npnxnanbnsnfns00000000001">
      <string id="three_image_progress_audio">progress</string>
      <string id="three_image_audio">audio</string>
      <string id="three_image_camera_down">camera moved down</string>
      <string id="three_image_camera_left">camera moved left</string>
      <string id="three_image_camera_right">camera moved right</string>
      <string id="three_image_camera_up">camera moved up</string>
      <string id="three_image_interaction_free">free exploration mode</string>
      <string id="three_image_interaction_guided">guided tour mode</string>
      <string id="three_image_hotspot">hotspot</string>
      <string id="three_image_instructions">Use the w, a, s, and d keys to move around the 360 degree image. Press the tab key to jump to interactive markers and hotspots.</string>
      <string id="three_image_interaction">360 degree image interaction</string>
      <string id="three_image_label">label</string>
      <string id="three_image_marker">marker</string>
      <string id="three_image_items">items</string>
      <string id="three_image_interaction_next">next</string>
      <string id="three_image_pause_audio">pause audio</string>
      <string id="three_image_pause_video">pause video</string>
      <string id="three_image_play_audio">play audio</string>
      <string id="three_image_play_video">play video</string>
      <string id="three_image_interaction_prev">previous</string>
      <string id="three_image_visited">visited</string>
      <string id="three_image_of">of</string>
      <string id="three_image_count_of_total">%count% of %total%</string>
      <string id="acc_three_image_step_count_of_total">step %count% of %total%</string>
      <string id="three_image_item">item</string>
      <string id="three_image_interaction_step">step</string>
      <string id="three_image_tooltip">tooltip</string>
      <string id="three_image_total_items">%total% items</string>
      <string id="three_image_total_item">%total% item</string>
      <string id="three_image_progress_video">progress</string>
      <string id="three_image_video">video</string>
      <string id="three_image_video_volume">video volume</string>
      <string id="acc_three_image_count_of_total_items_visited">%count% of %total% items visited</string>
      <string id="acc_three_image_count_of_total_item_visited">%count% of %total% item visited</string>
      <string id="three_image_count_of_total_visited">%count% of %total% visited</string>
      <string id="accessible_text">Accessible text</string>
      <string id="acc_enter_fullscreen">Enter full-screen mode</string>
      <string id="acc_exit_fullscreen">Exit full-screen mode</string>
      <string id="keyboardshortcuts_lower">Keyboard shortcuts</string>
      <string id="zoom_to_fit">Zoom to fit</string>
      <string id="modern_video_settings_close">close video settings</string>
      <string id="acc_modern_video_fullscreen">full-screen video</string>
      <string id="modern_video_playback_settings">Video Playback Settings</string>
      <string id="modern_video_captions_off">Off</string>
      <string id="modern_video_captions_on">On</string>
      <string id="modern_video_captions_label">Captions</string>
      <string id="acc_modern_video_settings">video settings</string>
      <string id="acc_modern_video_mute">mute video</string>
      <string id="modern_video_normal_speed">Normal</string>
      <string id="acc_modern_video_pause">pause video</string>
      <string id="acc_modern_video_pip">picture-in-picture</string>
      <string id="acc_modern_video_play">play video</string>
      <string id="modern_video_playback_speed_title">Playback Speed</string>
      <string id="acc_modern_video_captions">video captions</string>
      <string id="acc_modern_video_playback_speed">playback speed</string>
      <string id="acc_modern_video_volume">video volume</string>
      <string id="acc_active">active</string>
      <string id="alt_key">Alt</string>
      <string id="check_include">Check to include</string>
      <string id="clear">Clear and return to menu</string>
      <string id="close">Close</string>
      <string id="acc_closed_captions">Closed captions.</string>
      <string id="closed_captions_tip">Toggle captions</string>
      <string id="continue">Continue</string>
      <string id="continueresponsive">Continue</string>
      <string id="playback_speed_title">Playback Speed</string>
      <string id="playback_speed_normal">Normal</string>
      <string id="acc_playback_speed">playback speed</string>
      <string id="ctrl_key">Ctrl</string>
      <string id="enable_keyboardshortcuts">Enable keyboard shortcuts</string>
      <string id="enter_key">Enter</string>
      <string id="exit">Exit</string>
      <string id="filter">Filter</string>
      <string id="finish">FINISH</string>
      <string id="acc_finish">finish</string>
      <string id="definition">Definition</string>
      <string id="acc_definition">definition</string>
      <string id="glossary">Glossary</string>
      <string id="terms">Terms</string>
      <string id="progress_hour">hour</string>
      <string id="progress_hours">hours</string>
      <string id="action">Action</string>
      <string id="keyboardshortcuts">Keyboard Shortcuts</string>
      <string id="shortcuthelp">List keyboard shortcuts</string>
      <string id="mute_shortcut">Mute / unmute</string>
      <string id="next_shortcut">Next slide</string>
      <string id="playpause_shortcut">Play / pause</string>
      <string id="previous_shortcut">Previous slide</string>
      <string id="replay_shortcut">Replay slide</string>
      <string id="shortcut">Shortcut</string>
      <string id="submit_shortcut">Submit slide</string>
      <string id="acctext_shortcut">Toggle accessible text</string>
      <string id="closedcaptions_shortcut">Toggle closed captions</string>
      <string id="fullscreen_shortcut">Toggle full-screen mode</string>
      <string id="togglezoom">Toggle zoom to fit</string>
      <string id="outline">Menu</string>
      <string id="disabled_orientation">Please rotate your device</string>
      <string id="progress_minute">minute</string>
      <string id="progress_minutes">minutes</string>
      <string id="mute_tip">Mute</string>
      <string id="next">NEXT</string>
      <string id="acc_next">next</string>
      <string id="next_slide_tip">Next slide</string>
      <string id="transcript_chk">Notes</string>
      <string id="transcript">Notes</string>
      <string id="bio">Bio</string>
      <string id="more_info">More info</string>
      <string id="closed_captions">Captions</string>
      <string id="acc_pause">pause</string>
      <string id="pause_tip">Pause</string>
      <string id="acc_play">play</string>
      <string id="play_tip">Play</string>
      <string id="send_an_email">Send an email</string>
      <string id="prev">PREV</string>
      <string id="acc_previous">previous</string>
      <string id="previous_slide_tip">Previous slide</string>
      <string id="question_list">Question List</string>
      <string id="replay_tip">Replay</string>
      <string id="acc_replay">replay</string>
      <string id="resources">Resources</string>
      <string id="acc_resources">resources</string>
      <string id="restart">Restart</string>
      <string id="resume">Resume</string>
      <string id="acc_locked">locked</string>
      <string id="acc_search_input">search</string>
      <string id="search_toggle">Search</string>
      <string id="sidebar_toggle">Sidebar Toggle</string>
      <string id="acc_slide_progress">slide progress</string>
      <string id="desktop_start">Start Course</string>
      <string id="mobile_start">Start Course</string>
      <string id="acc_visited">visited</string>
      <string id="search">Search...</string>
      <string id="search_in">Search in:</string>
      <string id="search_results">Search Results</string>
      <string id="progress_second">second</string>
      <string id="progress_seconds">seconds</string>
      <string id="settings_tip">Settings</string>
      <string id="shift_key">Shift</string>
      <string id="acc_skipnavigation">Back to top</string>
      <string id="slide_text_chk">Slide Text</string>
      <string id="spacebar_key">Space</string>
      <string id="streaming_video_local_playback_learn_more">Learn More</string>
      <string id="streaming_video_local_playback_republish">To watch this video, use the preview feature in Storyline 360, upload your published output to a server, publish to Review 360, or switch to static video quality.</string>
      <string id="streaming_video_local_playback_title">Streaming video is unavailable for local playback.</string>
      <string id="submitall">SUBMIT ALL</string>
      <string id="acc_submitall">submit all</string>
      <string id="submit">SUBMIT</string>
      <string id="acc_submit">submit</string>
      <string id="submit_tip">Submit</string>
      <string id="unmute_tip">Unmute</string>
      <string id="acc_volume">volume</string>
    </string_table>
  </string_tables>
  <fonts>
    <font name="Open Sans">
      <files>
        <file bold="true" italic="false" />
        <file bold="false" italic="false" />
      </files>
    </font>
  </fonts>
  <sounds enabled="true" />
  <nav_data>
    <outline>
      <links>
        <slidelink slideid="_player.5fFpGcRpHV8" displaytext="Untitled Scene" expand="true" type="slide">
          <links>
            <slidelink slideid="_player.5fFpGcRpHV8.5eU8ey86YbV" displaytext="Halaman awal" expand="false" type="slide" />
            <slidelink slideid="_player.5fFpGcRpHV8.6DZAb9uuD2k" displaytext="Halaman Menu" expand="false" type="slide" />
            <slidelink slideid="_player.5fFpGcRpHV8.6YbpwxCmM3j" displaytext="Isi profil pengembang" expand="false" type="slide" />
            <slidelink slideid="_player.5fFpGcRpHV8.6SifSnF7Y8p" displaytext="Jumlah skor materi cahaya_Lencana silver" expand="false" type="slide" />
            <slidelink slideid="_player.5fFpGcRpHV8.5aj6AOZV2mL" displaytext="Jumlah skor materi cahaya_Lencana perunggu" expand="false" type="slide" />
            <slidelink slideid="_player.5fFpGcRpHV8.6ePsoxDdVUp" displaytext="Pilihan ruang prestasi" expand="false" type="slide" />
            <slidelink slideid="_player.5fFpGcRpHV8.6MbsprSIo0V" displaytext="lencana perak (bunyi)" expand="false" type="slide" />
            <slidelink slideid="_player.5fFpGcRpHV8.65dT9LBghJE" displaytext="Lencana perunggu (bunyi)" expand="false" type="slide" />
            <slidelink slideid="_player.5fFpGcRpHV8.6MDNIs4f2WM" displaytext="Petunjuk Penggunaan" expand="false" type="slide" />
            <slidelink slideid="_player.5fFpGcRpHV8.5bpKG4FbFHw" displaytext="Petunjuk Penggunaan_2" expand="false" type="slide" />
            <slidelink slideid="_player.5fFpGcRpHV8.5giquEdb5gz" displaytext="Petunjuk Penggunaan_3" expand="false" type="slide" />
            <slidelink slideid="_player.5fFpGcRpHV8.6gLECi2Wb6J" displaytext="Petunjuk Penggunaan_4" expand="false" type="slide" />
            <slidelink slideid="_player.5fFpGcRpHV8.6Qn1hltYzMZ" displaytext="Petunjuk Penggunaan_5" expand="false" type="slide" />
            <slidelink slideid="_player.5fFpGcRpHV8.5erjWV3gchE" displaytext="Tujuan Pembelajaran" expand="false" type="slide" />
            <slidelink slideid="_player.5fFpGcRpHV8.6PgabTJsLcU" displaytext="Pendahuluan_Materi 4 (Bunyi)" expand="false" type="slide" />
            <slidelink slideid="_player.5fFpGcRpHV8.5wvisQKHPZW" displaytext="Materi 4 (bunyi)_bag 1" expand="false" type="slide" />
            <slidelink slideid="_player.5fFpGcRpHV8.5h5qZroCIpb" displaytext="Materi 4 (bunyi)_bag 2" expand="false" type="slide" />
            <slidelink slideid="_player.5fFpGcRpHV8.6Hcg4388pqx" displaytext="Materi 4 (bunyi)_bag 3" expand="false" type="slide" />
            <slidelink slideid="_player.5fFpGcRpHV8.5b5DNquk8ql" displaytext="Pendahuluan_Materi 5 (Bunyi)" expand="false" type="slide" />
            <slidelink slideid="_player.5fFpGcRpHV8.5cNRdBu5zNF" displaytext="Materi 5 (bunyi)_bag 1" expand="false" type="slide" />
            <slidelink slideid="_player.5fFpGcRpHV8.6CtUiRuuBOf" displaytext="Materi 5 (bunyi)_bag 3" expand="false" type="slide" />
            <slidelink slideid="_player.5fFpGcRpHV8.5ZYrvJZYPVJ" displaytext="Materi 5 (bunyi)_bag 4" expand="false" type="slide" />
            <slidelink slideid="_player.5fFpGcRpHV8.6C1D3OtNubo" displaytext="Materi 5 (bunyi)_bag 2" expand="false" type="slide" />
            <slidelink slideid="_player.5fFpGcRpHV8.5W1HoETxbmE" displaytext="Materi 4 (bunyi)_bag 4" expand="false" type="slide" />
            <slidelink slideid="_player.5fFpGcRpHV8.5zD2ZvqIX8Q" displaytext="Pendahuluan_Materi 1 (Cahaya)" expand="false" type="slide" />
            <slidelink slideid="_player.5fFpGcRpHV8.5l94iL0BRBI" displaytext="Pendahuluan_Materi 2 (Cahaya)" expand="false" type="slide" />
            <slidelink slideid="_player.5fFpGcRpHV8.5xWN5UQniEY" displaytext="Materi 1 (cahaya)_bag 1" expand="false" type="slide" />
            <slidelink slideid="_player.5fFpGcRpHV8.5qTNEbiLKis" displaytext="Materi sifat (cahaya)_ bagian 4" expand="false" type="slide" />
            <slidelink slideid="_player.5fFpGcRpHV8.6bivSbn89jp" displaytext="Materi 2 (cahaya)_bag 1" expand="false" type="slide" />
            <slidelink slideid="_player.5fFpGcRpHV8.6DGBIO3Ksm7" displaytext="Pendahuluan_Materi 3 (Cahaya)" expand="false" type="slide" />
            <slidelink slideid="_player.5fFpGcRpHV8.5vnD7CpQPIa" displaytext="Materi 3 (cahaya)_bag 1" expand="false" type="slide" />
            <slidelink slideid="_player.5fFpGcRpHV8.5h2JP44Gqye" displaytext="Pendahuluan_Materi 6 (Bunyi)" expand="false" type="slide" />
            <slidelink slideid="_player.5fFpGcRpHV8.5VPq4cvRnZX" displaytext="Materi 6 (bunyi)_bag 1" expand="false" type="slide" />
            <slidelink slideid="_player.5fFpGcRpHV8.6ECb6sAqs1e" displaytext="Kuis BS_Materi 6 (Bunyi)_Nomor 1" expand="false" type="slide" />
            <slidelink slideid="_player.5fFpGcRpHV8.68Eiw451YkM" displaytext="Kuis BS_Materi 6 (Bunyi)_Nomor 2" expand="false" type="slide" />
            <slidelink slideid="_player.5fFpGcRpHV8.6UxeHJpFLJy" displaytext="Kuis BS_Materi 6 (Bunyi)_Nomor 3" expand="false" type="slide" />
            <slidelink slideid="_player.5fFpGcRpHV8.6B6RNXh3met" displaytext="Kuis BS_Materi 6 (Bunyi)_Nomor 4" expand="false" type="slide" />
            <slidelink slideid="_player.5fFpGcRpHV8.6VYzkamxkTU" displaytext="Kuis BS_Materi 6 (Bunyi)_Nomor 5" expand="false" type="slide" />
            <slidelink slideid="_player.5fFpGcRpHV8.6PIt9lxSNV2" displaytext="Kuis BS_Materi 6 (Bunyi)_Nomor 6" expand="false" type="slide" />
            <slidelink slideid="_player.5fFpGcRpHV8.6M9j82W0Yxc" displaytext="Kuis BS_Materi 6 (Bunyi)_Nomor 7" expand="false" type="slide" />
            <slidelink slideid="_player.5fFpGcRpHV8.6FfWbu8tBP7" displaytext="Kuis BS_Materi 6 (Bunyi)_Nomor 8" expand="false" type="slide" />
            <slidelink slideid="_player.5fFpGcRpHV8.6hiaLQJw54M" displaytext="Kuis BS_Materi 6 (Bunyi)_Nomor 9" expand="false" type="slide" />
            <slidelink slideid="_player.5fFpGcRpHV8.5XazFsMrZkI" displaytext="Kuis BS_Materi 6 (Bunyi)_Nomor 10" expand="false" type="slide" />
            <slidelink slideid="_player.5fFpGcRpHV8.6L28IUcRw62" displaytext="Pilihan kuis Materi 6 (Bunyi)" expand="false" type="slide" />
            <slidelink slideid="_player.5fFpGcRpHV8.5bCeCstoPhq" displaytext="Materi 2 (cahaya)_bag 2" expand="false" type="slide" />
            <slidelink slideid="_player.5fFpGcRpHV8.6dtg3dxbgkx" displaytext="Materi 2 (cahaya)_bag 3" expand="false" type="slide" />
            <slidelink slideid="_player.5fFpGcRpHV8.5qE5Nm95BRo" displaytext="Materi 1 (cahaya)_bag 3" expand="false" type="slide" />
            <slidelink slideid="_player.5fFpGcRpHV8.5yDcDfMfgGT" displaytext="Materi Sifat (Cahaya)_Bagian 5" expand="false" type="slide" />
            <slidelink slideid="_player.5fFpGcRpHV8.6Li7bmhuEOU" displaytext="Pilihan Materi dan Kuis" expand="false" type="slide" />
            <slidelink slideid="_player.5fFpGcRpHV8.5XgnbalGH1r" displaytext="Map pembelajarn materi cahaya" expand="false" type="slide" />
            <slidelink slideid="_player.5fFpGcRpHV8.5ziDJfgKJn3" displaytext="Map pembelajaran materi bunyi" expand="false" type="slide" />
            <slidelink slideid="_player.5fFpGcRpHV8.6J4efoC25II" displaytext="Materi 1 (cahaya)_bag 2" expand="false" type="slide" />
            <slidelink slideid="_player.5fFpGcRpHV8.5myogqEd1cu" displaytext="Kuis materi 1 (cahaya)_PG_No.1" expand="false" type="slide" />
            <slidelink slideid="_player.5fFpGcRpHV8.5zUZQtWe9U1" displaytext="Coba lagi kuis 1_materi 1 (cahaya)" expand="false" type="slide" />
            <slidelink slideid="_player.5fFpGcRpHV8.6IpM1dB4yAX" displaytext="Coba lagi kuis 2_materi 1 (cahaya)" expand="false" type="slide" />
            <slidelink slideid="_player.5fFpGcRpHV8.6QEA87NH11m" displaytext="Kuis materi 1 (cahaya)_PG_No.2" expand="false" type="slide" />
            <slidelink slideid="_player.5fFpGcRpHV8.6c5x77uJvEy" displaytext="Kuis materi 1 (cahaya)_PG_No.3" expand="false" type="slide" />
            <slidelink slideid="_player.5fFpGcRpHV8.6NojO1agtzd" displaytext="Kuis materi 1 (cahaya)_PG_No.4" expand="false" type="slide" />
            <slidelink slideid="_player.5fFpGcRpHV8.5q2B4GaecKq" displaytext="Kuis materi 1 (cahaya)_PG_No.5" expand="false" type="slide" />
            <slidelink slideid="_player.5fFpGcRpHV8.6UUETfgOTgd" displaytext="Kuis materi 1 (cahaya)_PG_No.6" expand="false" type="slide" />
            <slidelink slideid="_player.5fFpGcRpHV8.6eRG1v0cujS" displaytext="Kuis materi 1 (cahaya)_PG_No.7" expand="false" type="slide" />
            <slidelink slideid="_player.5fFpGcRpHV8.6HnbPejT6na" displaytext="Kuis materi 1 (cahaya)_PG_No.8" expand="false" type="slide" />
            <slidelink slideid="_player.5fFpGcRpHV8.66TuViT7zVf" displaytext="Kuis materi 1 (cahaya)_PG_No.9" expand="false" type="slide" />
            <slidelink slideid="_player.5fFpGcRpHV8.6JOv2cCH1t3" displaytext="Kuis materi 1 (cahaya)_PG_No.10" expand="false" type="slide" />
            <slidelink slideid="_player.5fFpGcRpHV8.6ApFbNAbwqu" displaytext="Pilihan kuis Materi1 (Cahaya)" expand="false" type="slide" />
            <slidelink slideid="_player.5fFpGcRpHV8.5kq2UknO3Pc" displaytext="Pilihan kuis Materi3 (Cahaya)" expand="false" type="slide" />
            <slidelink slideid="_player.5fFpGcRpHV8.5gsPgQ23B54" displaytext="Kuis materi 3 (cahaya)_BS_No.1" expand="false" type="slide" />
            <slidelink slideid="_player.5fFpGcRpHV8.65e4E3heOQN" displaytext="Kuis materi 3 (cahaya)_Mengurutkan_No.1" expand="false" type="slide" />
            <slidelink slideid="_player.5fFpGcRpHV8.6GCUxS69sFO" displaytext="Kuis materi 6 (bunyi)_Mengurutkan_No.1" expand="false" type="slide" />
            <slidelink slideid="_player.5fFpGcRpHV8.6aDs9Y9HF0Y" displaytext="Kuis materi 6 (bunyi)_Mengurutkan_No.2" expand="false" type="slide" />
            <slidelink slideid="_player.5fFpGcRpHV8.6CaZTrgZctm" displaytext="Kuis materi 6 (bunyi)_Mengurutkan_No.3" expand="false" type="slide" />
            <slidelink slideid="_player.5fFpGcRpHV8.5Y0Cbg8mMVj" displaytext="Kuis materi 6 (bunyi)_Mengurutkan_No.4" expand="false" type="slide" />
            <slidelink slideid="_player.5fFpGcRpHV8.6faprnLoX6V" displaytext="Kuis materi 6 (bunyi)_Mengurutkan_No.5" expand="false" type="slide" />
            <slidelink slideid="_player.5fFpGcRpHV8.5bCucFkrAdH" displaytext="Kuis materi 6 (bunyi)_Mengurutkan_No.6" expand="false" type="slide" />
            <slidelink slideid="_player.5fFpGcRpHV8.6B6Y91oHKzD" displaytext="Kuis materi 6 (bunyi)_Mengurutkan_No.7" expand="false" type="slide" />
            <slidelink slideid="_player.5fFpGcRpHV8.6cTcPfjDLat" displaytext="Kuis materi 3 (cahaya)_Mengurutkan_No.2" expand="false" type="slide" />
            <slidelink slideid="_player.5fFpGcRpHV8.5qU1bDILM3k" displaytext="Kuis materi 3 (cahaya)_Mengurutkan_No.3" expand="false" type="slide" />
            <slidelink slideid="_player.5fFpGcRpHV8.5wINIgACtuq" displaytext="Kuis materi 3 (cahaya)_Mengurutkan_No.4" expand="false" type="slide" />
            <slidelink slideid="_player.5fFpGcRpHV8.5oUt2TDYG17" displaytext="Kuis materi 3 (cahaya)_Mengurutkan_No.5" expand="false" type="slide" />
            <slidelink slideid="_player.5fFpGcRpHV8.63vG1xbGNwl" displaytext="Kuis materi 3 (cahaya)_Mengurutkan_No.6" expand="false" type="slide" />
            <slidelink slideid="_player.5fFpGcRpHV8.6rT0cmJNt9z" displaytext="Kuis materi 3 (cahaya)_Mengurutkan_No.7" expand="false" type="slide" />
            <slidelink slideid="_player.5fFpGcRpHV8.6aeQfiMEvgj" displaytext="Kuis materi 3 (cahaya)_BS_No.2" expand="false" type="slide" />
            <slidelink slideid="_player.5fFpGcRpHV8.5cZKfnAKM9Y" displaytext="Kuis materi 3 (cahaya)_BS_No.3" expand="false" type="slide" />
            <slidelink slideid="_player.5fFpGcRpHV8.68N7izqTJO4" displaytext="Kuis materi 3 (cahaya)_BS_No.4" expand="false" type="slide" />
            <slidelink slideid="_player.5fFpGcRpHV8.6RT3CzRdg6t" displaytext="Kuis materi 3 (cahaya)_BS_No.5" expand="false" type="slide" />
            <slidelink slideid="_player.5fFpGcRpHV8.6nZt8RPiXrU" displaytext="Kuis materi 3 (cahaya)_BS_No.6" expand="false" type="slide" />
            <slidelink slideid="_player.5fFpGcRpHV8.5oU3fPVYgE5" displaytext="Kuis materi 3 (cahaya)_BS_No.7" expand="false" type="slide" />
            <slidelink slideid="_player.5fFpGcRpHV8.6kBUtEJUSZW" displaytext="Kuis materi 3 (cahaya)_BS_No.8" expand="false" type="slide" />
            <slidelink slideid="_player.5fFpGcRpHV8.5WYamrZdL2u" displaytext="Kuis materi 3 (cahaya)_BS_No.9" expand="false" type="slide" />
            <slidelink slideid="_player.5fFpGcRpHV8.5hwbQV3nIvm" displaytext="Kuis materi 3 (cahaya)_BS_No.10" expand="false" type="slide" />
            <slidelink slideid="_player.5fFpGcRpHV8.6RThyNdjrPZ" displaytext="Pilihan kuis Materi2 (Cahaya)" expand="false" type="slide" />
            <slidelink slideid="_player.5fFpGcRpHV8.67vxNvxhBQd" displaytext="Coba lagi kuis 1_materi 2 (cahaya)" expand="false" type="slide" />
            <slidelink slideid="_player.5fFpGcRpHV8.5p30YcnIHTl" displaytext="Coba lagi kuis 2_materi 2 (cahaya)" expand="false" type="slide" />
            <slidelink slideid="_player.5fFpGcRpHV8.6pwI8eSf1ar" displaytext="Coba lagi kuis 1_materi 3 (cahaya)" expand="false" type="slide" />
            <slidelink slideid="_player.5fFpGcRpHV8.6XUy3CyPCcA" displaytext="Coba lagi kuis 2_materi 3 (cahaya)" expand="false" type="slide" />
            <slidelink slideid="_player.5fFpGcRpHV8.6OYGbBKWuHX" displaytext="Kuis materi 2 (cahaya)_Mencocokan_No.1" expand="false" type="slide" />
            <slidelink slideid="_player.5fFpGcRpHV8.6Uv9Ja5AqvV" displaytext="Kuis materi 2 (cahaya)_Mencocokan_No.2" expand="false" type="slide" />
            <slidelink slideid="_player.5fFpGcRpHV8.5yj737r91vK" displaytext="Kuis materi 2 (cahaya)_Mencocokan_No.3" expand="false" type="slide" />
            <slidelink slideid="_player.5fFpGcRpHV8.5whaiqN0GS0" displaytext="Kuis materi 2 (cahaya)_Mencocokan_No.5" expand="false" type="slide" />
            <slidelink slideid="_player.5fFpGcRpHV8.5tc5oEkP7KH" displaytext="Kuis materi 2 (cahaya)_Mencocokan_No.6" expand="false" type="slide" />
            <slidelink slideid="_player.5fFpGcRpHV8.6SP3XJQcJMg" displaytext="Kuis materi 2 (cahaya)_Mencocokan_No.7" expand="false" type="slide" />
            <slidelink slideid="_player.5fFpGcRpHV8.6co406sVk9l" displaytext="Kuis materi 2 (cahaya)_Mencocokan_No.8" expand="false" type="slide" />
            <slidelink slideid="_player.5fFpGcRpHV8.5v00aPgNM0Z" displaytext="Kuis materi 2 (cahaya)_Mencocokan_No.9" expand="false" type="slide" />
            <slidelink slideid="_player.5fFpGcRpHV8.5xGuzHe1Bpp" displaytext="Kuis materi 2 (cahaya)_Mencocokan_No.10" expand="false" type="slide" />
            <slidelink slideid="_player.5fFpGcRpHV8.5fahwk3Em9n" displaytext="Kuis Materi 4 (Bunyi)_PG_Nomor 2" expand="false" type="slide" />
            <slidelink slideid="_player.5fFpGcRpHV8.6IuHZvifmUQ" displaytext="Kuis Materi 4 (Bunyi)_PG_Nomor 3" expand="false" type="slide" />
            <slidelink slideid="_player.5fFpGcRpHV8.6aUfGNNvCII" displaytext="Kuis Materi 4 (Bunyi)_PG_Nomor 4" expand="false" type="slide" />
            <slidelink slideid="_player.5fFpGcRpHV8.5g5s3aH5x6r" displaytext="Kuis Materi 4 (Bunyi)_PG_Nomor 5" expand="false" type="slide" />
            <slidelink slideid="_player.5fFpGcRpHV8.63qdebA7PNg" displaytext="Kuis Materi 4 (Bunyi)_PG_Nomor 6" expand="false" type="slide" />
            <slidelink slideid="_player.5fFpGcRpHV8.6Lx3Vr8OxW9" displaytext="Kuis Materi 4 (Bunyi)_PG_Nomor 7" expand="false" type="slide" />
            <slidelink slideid="_player.5fFpGcRpHV8.6aIeijzSLMw" displaytext="Kuis Materi 4 (Bunyi)_PG_Nomor 8" expand="false" type="slide" />
            <slidelink slideid="_player.5fFpGcRpHV8.69k6tqtjKig" displaytext="Kuis Materi 4 (Bunyi)_PG_Nomor 9" expand="false" type="slide" />
            <slidelink slideid="_player.5fFpGcRpHV8.6NBRcfYETbv" displaytext="Kuis Materi 4 (Bunyi)_PG_Nomor 10" expand="false" type="slide" />
            <slidelink slideid="_player.5fFpGcRpHV8.5VuWETPd4yp" displaytext="Kuis Materi 4 (Bunyi)_PG_Nomor 1" expand="false" type="slide" />
            <slidelink slideid="_player.5fFpGcRpHV8.6kDV2mrRhZ6" displaytext="Pilihan Kuis Materi 4 (Bunyi)" expand="false" type="slide" />
            <slidelink slideid="_player.5fFpGcRpHV8.5Zviab7bSxs" displaytext="Pilihan kuis Materi 5 (Bunyi)" expand="false" type="slide" />
            <slidelink slideid="_player.5fFpGcRpHV8.6HLoCXmHcf5" displaytext="Coba lagi kuis Mencocokan Materi 5 (Bunyi)" expand="false" type="slide" />
            <slidelink slideid="_player.5fFpGcRpHV8.6hCrImo40L0" displaytext="Coba lagi kuis BS Materi 5 (Bunyi)" expand="false" type="slide" />
            <slidelink slideid="_player.5fFpGcRpHV8.63wiJET3xmN" displaytext="Coba lagi kuis BS Materi 6 (Bunyi)" expand="false" type="slide" />
            <slidelink slideid="_player.5fFpGcRpHV8.6AlzxldSfNW" displaytext="Coba lagi kuis mempasangkan Materi 6 (Bunyi)" expand="false" type="slide" />
            <slidelink slideid="_player.5fFpGcRpHV8.6eQTE1Pbo00" displaytext="Kuis BS_Materi5 (Bunyi)_Nomor 1" expand="false" type="slide" />
            <slidelink slideid="_player.5fFpGcRpHV8.6ZeZs6aTRs8" displaytext="Kuis BS_Materi5 (Bunyi)_Nomor 2" expand="false" type="slide" />
            <slidelink slideid="_player.5fFpGcRpHV8.6rZ4UzIsIoo" displaytext="Kuis BS_Materi5 (Bunyi)_Nomor 3" expand="false" type="slide" />
            <slidelink slideid="_player.5fFpGcRpHV8.5qXbY7wX8KK" displaytext="Kuis BS_Materi5 (Bunyi)_Nomor 4" expand="false" type="slide" />
            <slidelink slideid="_player.5fFpGcRpHV8.5zKFNOSfjIx" displaytext="Kuis BS_Materi5 (Bunyi)_Nomor 5" expand="false" type="slide" />
            <slidelink slideid="_player.5fFpGcRpHV8.6NL5nE7ApI0" displaytext="Kuis BS_Materi5 (Bunyi)_Nomor 6" expand="false" type="slide" />
            <slidelink slideid="_player.5fFpGcRpHV8.5iRPsPTqkee" displaytext="Kuis BS_Materi5 (Bunyi)_Nomor 7" expand="false" type="slide" />
            <slidelink slideid="_player.5fFpGcRpHV8.5ezBPwNGkbD" displaytext="Kuis materi 5 (bunyi)_Mencocokan_No.1" expand="false" type="slide" />
            <slidelink slideid="_player.5fFpGcRpHV8.5m904pYAjXZ" displaytext="Kuis materi 5 (bunyi)_Mencocokan_No.2" expand="false" type="slide" />
            <slidelink slideid="_player.5fFpGcRpHV8.5ZlPDROhD8f" displaytext="Kuis materi 2 (bunyi)_Mencocokan_No.3" expand="false" type="slide" />
            <slidelink slideid="_player.5fFpGcRpHV8.5lo2aGk3UMq" displaytext="Kuis materi 2 (bunyi)_Mencocokan_No.4" expand="false" type="slide" />
            <slidelink slideid="_player.5fFpGcRpHV8.6ZkeDFw71v0" displaytext="Kuis materi 2 (bunyi)_Mencocokan_No.5" expand="false" type="slide" />
            <slidelink slideid="_player.5fFpGcRpHV8.6S4Ha89YbXh" displaytext="Kuis materi 2 (bunyi)_Mencocokan_No.6" expand="false" type="slide" />
            <slidelink slideid="_player.5fFpGcRpHV8.5hgKJIIBU9R" displaytext="Kuis materi 2 (bunyi)_Mencocokan_No.7" expand="false" type="slide" />
            <slidelink slideid="_player.5fFpGcRpHV8.63xYzPuC4na" displaytext="Kuis materi 2 (bunyi)_Mencocokan_No.8" expand="false" type="slide" />
            <slidelink slideid="_player.5fFpGcRpHV8.6ljTiQmdjV5" displaytext="Kuis materi 2 (bunyi)_Mencocokan_No.9" expand="false" type="slide" />
            <slidelink slideid="_player.5fFpGcRpHV8.5pFhyXi8BRD" displaytext="Kuis materi 2 (bunyi)_Mencocokan_No.10" expand="false" type="slide" />
            <slidelink slideid="_player.5fFpGcRpHV8.5aQu7WoHXA7" displaytext="Coba lagi kuis PG Materi 4 (Bunyi)" expand="false" type="slide" />
            <slidelink slideid="_player.5fFpGcRpHV8.5whuLRb9JAs" displaytext="Coba lagi kuis PGamb Materi 4 (Bunyi)" expand="false" type="slide" />
            <slidelink slideid="_player.5fFpGcRpHV8.6XRB6lu7RzU" displaytext="Kuis materi 2 (cahaya)_BS_No.1" expand="false" type="slide" />
            <slidelink slideid="_player.5fFpGcRpHV8.68DPZchViF3" displaytext="Kuis materi 2 (cahaya)_BS_No.2" expand="false" type="slide" />
            <slidelink slideid="_player.5fFpGcRpHV8.6iouw1l5vt4" displaytext="Refrensi materi" expand="false" type="slide" />
            <slidelink slideid="_player.5fFpGcRpHV8.6L8Yw9SPIvu" displaytext="Kuis materi 2 (cahaya)_BS_No.3" expand="false" type="slide" />
            <slidelink slideid="_player.5fFpGcRpHV8.5eRzkwhfOMA" displaytext="Kuis materi 2 (cahaya)_BS_No.4" expand="false" type="slide" />
            <slidelink slideid="_player.5fFpGcRpHV8.5yo0SbJL22w" displaytext="Kuis materi 2 (cahaya)_BS_No.5" expand="false" type="slide" />
            <slidelink slideid="_player.5fFpGcRpHV8.6JOlrkrD4en" displaytext="Kuis materi 2 (cahaya)_BS_No.6" expand="false" type="slide" />
            <slidelink slideid="_player.5fFpGcRpHV8.5knDjS7jMnt" displaytext="Kuis materi 2 (cahaya)_BS_No.7" expand="false" type="slide" />
            <slidelink slideid="_player.5fFpGcRpHV8.6ZnxhMZGYMx" displaytext="Kuis materi 2 (cahaya)_Mencocokan_No.4" expand="false" type="slide" />
            <slidelink slideid="_player.5fFpGcRpHV8.5fZhqxOev9K" displaytext="Kuis materi 1 (cahaya)_Pgambar_No.2" expand="false" type="slide" />
            <slidelink slideid="_player.5fFpGcRpHV8.6lDrSxmFBk6" displaytext="Kuis materi 1 (cahaya)_Pgambar_No.1" expand="false" type="slide" />
            <slidelink slideid="_player.5fFpGcRpHV8.5fbfjhxLytG" displaytext="Kuis Materi 4 (Bunyi)_Pilgamb_Nomor 1" expand="false" type="slide" />
            <slidelink slideid="_player.5fFpGcRpHV8.6OHj4gwBJKE" displaytext="Kuis Materi 4 (Bunyi)_Pilgamb_Nomor 2" expand="false" type="slide" />
            <slidelink slideid="_player.5fFpGcRpHV8.6Fj1gnKHwxK" displaytext="Kuis Materi 4 (Bunyi)_Pilgamb_Nomor 3" expand="false" type="slide" />
            <slidelink slideid="_player.5fFpGcRpHV8.6ePcXdEpRmA" displaytext="Kuis Materi 4 (Bunyi)_Pilgamb_Nomor 4" expand="false" type="slide" />
            <slidelink slideid="_player.5fFpGcRpHV8.5r1lOH4d1pI" displaytext="Kuis Materi 4 (Bunyi)_Pilgamb_Nomor 5" expand="false" type="slide" />
            <slidelink slideid="_player.5fFpGcRpHV8.6Bl3S5vdHxJ" displaytext="Kuis Materi 4 (Bunyi)_Pilgamb_Nomor 6" expand="false" type="slide" />
            <slidelink slideid="_player.5fFpGcRpHV8.6V4Io9HWuAp" displaytext="Kuis Materi 4 (Bunyi)_Pilgamb_Nomor 7" expand="false" type="slide" />
            <slidelink slideid="_player.5fFpGcRpHV8.69yDtFXtvlR" displaytext="Kuis materi 1 (cahaya)_Pgambar_No.3" expand="false" type="slide" />
            <slidelink slideid="_player.5fFpGcRpHV8.5mn1Bbt5OB6" displaytext="Kuis materi 1 (cahaya)_Pgambar_No.4" expand="false" type="slide" />
            <slidelink slideid="_player.5fFpGcRpHV8.6PMyHOb3yjt" displaytext="Kuis materi 1 (cahaya)_Pgambar_No.5" expand="false" type="slide" />
            <slidelink slideid="_player.5fFpGcRpHV8.5zk2EOMhynw" displaytext="Kuis materi 1 (cahaya)_Pgambar_No.6" expand="false" type="slide" />
            <slidelink slideid="_player.5fFpGcRpHV8.6B2osx4UHSx" displaytext="Kuis materi 1 (cahaya)_Pgambar_No.7" expand="false" type="slide" />
          </links>
        </slidelink>
      </links>
    </outline>
  </nav_data>
  <resource_data description="" />
  <transcript_data />
  <glossary_data />
</bwFrame>